INSERT INTO CHORDS(chord_fullname, roots, qualities, barres, capo, frets, fingers) 
        VALUES  ('g-major', 'G', 'Major', 'None', 'False', '3, 2, 0, 0, 0, 3', '3, 2, 0, 0, 0, 4'),
                ('g#-major', 'G#', 'Major', '4', 'True', '1, 3, 3, 2, 1, 1', '1, 3, 4, 2, 1, 1'),
                ('ab-major', 'Ab', 'Major', '1', 'True', '1, 3, 3, 2, 1, 1', '1, 3, 4, 2, 1, 1'),
                ('a-major', 'A', 'Major', 'None', 'False', '-1, 0, 2, 2, 2, 0', '0, 0, 2, 3, 4, 0'),
                ('a#-major', 'A#', 'Major', '1', 'False', '-1, 1, 3, 3, 3, 1', '0, 1, 2, 3, 4, 1'),
                ('bb-major', 'Bb', 'Major', '1', 'False', '-1, 1, 3, 3, 3, 1', '0, 1, 2, 3, 4, 1'),
                ('b-major', 'B', 'Major', '2', 'False', '-1, 2, 4, 4, 4, 2', '0, 1, 2, 3, 4, 1'),
                ('b#-major', 'B#', 'Major', '3', 'False', '-1, 3, 5, 5, 5, 3', '0, 1, 2, 3, 4, 1'),
                ('cb-major', 'Cb', 'Major', '2', 'False', '-1, 2, 4, 4, 4, 2', '0, 1, 2, 3, 4, 1'),
                ('c-major', 'C', 'Major', 'None', 'False', '-1, 3, 2, 0, 1, 0', '0, 3, 2, 0, 1, 0'),
                ('d-major', 'D', 'Major', 'None', 'False', '-1, -1, 0, 2, 3, 2', '0, 0, 0, 1, 3, 2'),
                ('d#-major', 'D#', 'Major', '1', 'True', '-1, 1, 3, 3, 3, 1', '0, 1, 2, 3, 4, 1'),
                ('eb-major', 'Eb', 'Major', '1', 'True', '-1, 1, 3, 3, 3, 1', '0, 1, 2, 3, 4, 1'),
                ('e-major', 'E', 'Major', 'None', 'False', '0, 2, 2, 1, 0, 0', '0, 2, 3, 1, 0, 0'),
                ('e#-major', 'E#', 'Major', '1', 'False', '1, 3, 3, 2, 1, 1', '1, 3, 4, 2, 1, 1'),
                ('fb-major', 'Fb', 'Major', 'None', 'False', '0, 2, 2, 1, 0, 0', '0, 2, 3, 1, 0, 0'),
                ('f-major', 'F', 'Major', '1', 'False', '1, 3, 3, 2, 1, 1', '1, 3, 4, 2, 1, 1'),
                ('f#-major', 'F#', 'Major', '2', 'False', '2, 4, 4, 3, 2, 2', '1, 3, 4, 2, 1, 1'),
                ('gb-major', 'Gb', 'Major', '2', 'False', '2, 4, 4, 3, 2, 2', '1, 3, 4, 2, 1, 1'),
                ('a-minor', 'A', 'Minor', 'None', 'False', '-1, 0, 2, 2, 1, 0', '0, 0, 2, 3, 1, 0'),
                ('a#-minor', 'A#', 'Minor', '1', 'False', '-1, 1, 3, 3, 2, 1', '0, 1, 2, 3, 4, 1'),
                ('bb-minor', 'Bb', 'Minor', '1', 'False', '-1, 1, 3, 3, 2, 1', '0, 1, 2, 3, 4, 1'),
                ('b-minor', 'B', 'Minor', '2', 'False', '-1, 2, 4, 4, 3, 2', '0, 1, 2, 3, 4, 1'),
                ('b#-minor', 'B#', 'Minor', '1', 'True', '-1, 1, 3, 3, 2, 1', '0, 1, 2, 3, 4, 1'),
                ('cb-minor', 'Cb', 'Minor', '2', 'False', '-1, 2, 4, 4, 3, 2', '0, 1, 2, 3, 4, 1'),
                ('c-minor', 'C', 'Minor', '1', 'True', '-1, 1, 3, 3, 2, 1', '0, 1, 2, 3, 4, 1'),
                ('c#-minor', 'C#', 'Minor', '1', 'True', '-1, 1, 3, 3, 2, 1', '0, 1, 2, 3, 4, 1'),
                ('db-minor', 'Db', 'Minor', '1', 'True', '-1, 1, 3, 3, 2, 1', '0, 1, 2, 3, 4, 1'),
                ('d-minor', 'D', 'Minor', 'None', 'False', '-1, -1, 0, 2, 3, 1', '0, 0, 0, 2, 4, 1'),
                ('d#-minor', 'D#', 'Minor', '1', 'True', '-1, 1, 3, 3, 2, 1', '0, 1, 2, 3, 4, 1'),
                ('eb-minor', 'Eb', 'Minor', '1', 'True', '-1, 1, 3, 3, 2, 1', '0, 1, 2, 3, 4, 1'),
                ('e-minor', 'E', 'Minor', 'None', 'False', '0, 2, 2, 0, 0, 0', '0, 2, 3, 0, 0, 0'),
                ('fb-minor', 'Fb', 'Minor', 'None', 'False', '0, 2, 2, 0, 0, 0', '0, 2, 3, 0, 0, 0'),
                ('f-minor', 'F', 'Minor', '1', 'False', '1, 3, 3, 1, 1, 1', '1, 3, 4, 1, 1, 1'),
                ('f#-minor', 'F#', 'Minor', '2', 'False', '2, 4, 4, 3, 2, 2', '1, 3, 4, 2, 1, 1'),
                ('gb-minor', 'Gb', 'Minor', '2', 'False', '2, 4, 4, 3, 2, 2', '1, 3, 4, 2, 1, 1'),
                ('g-minor', 'G', 'Minor', '3', 'False', '3, 5, 5, 3, 3, 3', '1, 3, 4, 1, 1, 1'),
                ('g-7', 'G', '7', 'None', 'False', '3, 2, 0, 0, 0, 1', '3, 2, 0, 0, 0, 1'),
                ('g#-7', 'G#', '7', '1', 'True', '1, 3, 1, 2, 1, 1', '1, 3, 1, 2, 1, 1'),
                ('ab-7', 'Ab', '7', '1', 'True', '1, 3, 1, 2, 1, 1', '1, 3, 1, 2, 1, 1'),
                ('a-7', 'A', '7', 'None', 'False', '-1, 0, 2, 0, 2, 0', '0, 0, 2, 0, 3, 0'),
                ('a#-7', 'A#', '7', '1', 'False', '-1, 1, 3, 1, 3, 1', '0, 1, 3, 1, 4, 1'),
                ('bb-7', 'Bb', '7', '1', 'False', '-1, 1, 3, 1, 3, 1', '0, 1, 3, 1, 4, 1'),
                ('b-7', 'B', '7', 'None', 'False', '-1, 2, 1, 2, 0, 2', '0, 2, 1, 3, 0, 4'),
                ('b#-7', 'B#', '7', 'None', 'False', '-1, 3, 2, 3, 1, 0', '0, 3, 2, 4, 1, 0'),
                ('cb-7', 'Cb', '7', 'None', 'False', '-1, 2, 1, 2, 0, 2', '0, 2, 1, 3, 0, 4'),
                ('c-7', 'C', '7', 'None', 'False', '-1, 3, 2, 3, 1, 0', '0, 3, 2, 4, 1, 0'),
                ('c#-7', 'C#', '7', '1', 'True', '-1, 1, 3, 1, 3, 1', '0, 1, 3, 1, 4, 1'),
                ('db-7', 'Db', '7', '1', 'True', '-1, 1, 3, 1, 3, 1', '0, 1, 3, 1, 4, 1'),
                ('d-7', 'D', '7', 'None', 'False', '-1, -1, 0, 2, 1, 2', '0, 0, 0, 2, 1, 3'),
                ('d#-7', 'D#', '7', '1', 'True', '-1, 1, 3, 1, 3, 1', '0, 1, 3, 1, 4, 1'),
                ('eb-7', 'Eb', '7', '1', 'True', '-1, 1, 3, 1, 3, 1', '0, 1, 3, 1, 4, 1'),
                ('e-7', 'E', '7', 'None', 'False', '0, 2, 0, 1, 0, 0', '0, 2, 0, 1, 0, 0'),
                ('e#-7', 'E#', '7', '1', 'False', '1, 3, 1, 2, 1, 1', '1, 3, 1, 2, 1, 1'),
                ('fb-7', 'Fb', '7', 'None', 'False', '0, 2, 0, 1, 0, 0', '0, 2, 0, 1, 0, 0'),
                ('f-7', 'F', '7', '1', 'False', '1, 3, 1, 2, 1, 1', '1, 3, 1, 2, 1, 1'),
                ('f#-7', 'F#', '7', '1', 'False', '2, 4, 2, 4, 2, 2', '1, 3, 1, 2, 1, 1'),
                ('gb-7', 'Gb', '7', '1', 'False', '2, 4, 2, 4, 2, 2', '1, 3, 1, 2, 1, 1'),
                ('a-maj7', 'A', 'maj7', 'None', 'False', '-1, 0, 2, 1, 2, 0', '0, 0, 2, 1, 3, 0'),
                ('bb-maj7', 'Bb', 'maj7', '1', 'False', '-1, 1, 3, 2, 3, 1', '0, 1, 3, 2, 4, 1'),
                ('a-min7', 'A', 'min7', 'None', 'False', '-1, 0, 2, 0, 1, 0', '0, 0, 2, 0, 1, 0'),
                ('e-min7', 'E', 'min7', 'None', 'False', '0, 2, 0, 0, 0, 0', '0, 2, 0, 0, 0, 0'),
                ('g-augmented', 'G', 'augmented', 'None', 'False', '3, 2, 1, 0, 0, -1', '3, 2, 1, 0, 0, 0'),
                ('g#-augmented', 'G#', 'augmented', 'None', 'False', '4, 3, 2, 1, 1, -1', '4, 3, 2, 1, 1, 0'),
                ('ab-augmented', 'Ab', 'augmented', 'None', 'False', '4, 3, 2, 1, 1, -1', '4, 3, 2, 1, 1, 0'),
                ('a-augmented', 'A', 'augmented', 'None', 'False', '-1, 0, 3, 2, 2, 1', '0, 0, 4, 2, 3, 1'),
                ('a#-augmented', 'A#', 'augmented', 'None', 'False', '-1, 1, 4, 3, 3, -1', '0, 1, 4, 2, 3, 0'),
                ('bb-augmented', 'Bb', 'augmented', 'None', 'False', '-1, 1, 4, 3, 3, -1', '0, 1, 4, 2, 3, 0'),
                ('b-augmented', 'B', 'augmented', 'None', 'False', '-1, 2, 1, 0, 0, -1', '0, 2, 1, 0, 0, 0'),
                ('b#-augmented', 'B#', 'augmented', 'None', 'False', '-1, 3, 2, 1, 1, 0', '0, 3, 2, 1, 1, 0'),
                ('cb-augmented', 'Cb', 'augmented', 'None', 'False', '-1, 2, 1, 0, 0, -1', '0, 2, 1, 0, 0, 0'),
                ('c-augmented', 'C', 'augmented', 'None', 'False', '-1, 3, 2, 1, 1, 0', '0, 3, 2, 1, 1, 0'),
                ('c#-augmented', 'C#', 'augmented', 'None', 'False', '-1, 3, 3, 3, 1, 1', '0, 2, 3, 4, 1, 1'),
                ('db-augmented', 'Db', 'augmented', 'None', 'False', '-1, 3, 3, 3, 1, 1', '0, 2, 3, 4, 1, 1'),
                ('d-augmented', 'D', 'augmented', 'None', 'False', '-1, -1, 0, 3, 3, 2', '0, 0, 0, 2, 3, 1'),
                ('d#-augmented', 'F', 'augmented', 'None', 'True', '-1, -1, 3, 2, 2, 1', '0, 0, 4, 2, 3, 1'),
                ('eb-augmented', 'Eb', 'augmented', 'None', 'True', '-1, -1, 3, 2, 2, 1', '0, 0, 4, 2, 3, 1'),
                ('e-augmented', 'E', 'augmented', 'None', 'False', '0, 3, 2, 1, 1, 0', '0, 4, 3, 1, 1, 0'),
                ('e#-augmented', 'E#', 'augmented', 'None', 'False', '-1, -1, 3, 2, 2, 1', '0, 0, 4, 2, 3, 1'),
                ('fb-augmented', 'Fb', 'augmented', 'None', 'False', '0, 3, 2, 1, 1, 0', '0, 4, 3, 1, 1, 0'),
                ('f-augmented', 'F', 'augmented', 'None', 'False', '-1, -1, 3, 2, 2, 1', '0, 0, 4, 2, 3, 1'),
                ('g-diminshed', 'G', 'diminished', 'None', 'False', '3, 1, -1, 3, 2, -1', '3, 1, 0, 4, 2, 0'),
                ('g#-diminshed', 'G#', 'diminished', 'None', 'False', '4, 2, -1, 4, 3, -1', '3, 1, 0, 4, 2, 0'),
                ('ab-diminshed', 'Ab', 'diminished', 'None', 'False', '4, 2, -1, 4, 3, -1', '3, 1, 0, 4, 2, 0'),
                ('a-diminshed', 'A', 'diminished', 'None', 'False', '-1, 0, 1, 2, 1, -1', '0, 0, 1, 3, 2, 0'),
                ('a#-diminshed', 'A#', 'diminished', 'None', 'False', '-1, 1, 2, 3, 2, -1', '0, 1, 2, 4, 3, 0'),
                ('bb-diminshed', 'Bb', 'diminished', 'None', 'False', '-1, 1, 2, 3, 2, -1', '0, 1, 2, 4, 3, 0'),
                ('b-diminshed', 'B', 'diminished', 'None', 'False', '-1, 2, 0, -1, 0, 1', '0, 2, 0, 0, 0, 1'),
                ('b#-diminshed', 'B#', 'diminished', 'None', 'False', '-1, 3, 1, -1, 1, 2', '0, 4, 1, 0, 2, 3'),
                ('cb-diminshed', 'Cb', 'diminished', 'None', 'False', '-1, 2, 0, -1, 0, 1', '0, 2, 0, 0, 0, 1'),
                ('c-diminshed', 'C', 'diminished', 'None', 'False', '-1, 3, 1, -1, 1, 2', '0, 4, 1, 0, 2, 3'),
                ('c#-diminshed', 'C#', 'diminished', 'None', 'False', '-1, 4, 2, -1, 2, 3', '0, 4, 1, 0, 2, 3'),
                ('db-diminshed', 'Db', 'diminished', 'None', 'False', '-1, 4, 2, -1, 2, 3', '0, 4, 1, 0, 2, 3'),
                ('d-diminshed', 'D', 'diminished', 'None', 'False', '-1, -1, 0, 1, -1, 1', '0, 0, 0, 1, 0, 2'),
                ('d#-diminshed', 'D#', 'diminished', 'None', 'False', '-1, -1, 1, 2, -1, 2', '0, 0, 1, 2, 0, 3'),
                ('eb-diminshed', 'Eb', 'diminished', 'None', 'False', '-1, -1, 1, 2, -1, 2', '0, 0, 1, 2, 0, 3'),
                ('e-diminished', 'E', 'diminished', 'None', 'False', '-1, -1, 2, 3, -1, 3', '0, 0, 1, 2, 0, 3'),
                ('e#-diminished', 'E#', 'diminished', 'None', 'False', '-1, -1, 3, 4, -1, 4', '0, 0, 1, 2, 0, 3'),
                ('f-diminished', 'F', 'diminished', 'None', 'False', '-1, -1, 3, 4, -1, 4', '0, 0, 1, 2, 0, 3'),
                ('fb-diminished', 'Fb', 'diminished', 'None', 'False', '-1, -1, 2, 3, -1, 3', '0, 0, 1, 2, 0, 3'),
                ('f#-diminished', 'F#', 'diminished', 'None', 'False', '2, 0, -1, 2, 1, -1', '2, 0, 0, 3, 1, 0'),
                ('gb-diminished', 'Gb', 'diminished', 'None', 'False', '2, 0, -1, 2, 1, -1', '2, 0, 0, 3, 1, 0');
                
INSERT INTO USERS(username, password, profile_picture, bio, is_admin)
        VALUES('testuser', 'testtest', 'https://picsum.photos/200/300', 'test user', FALSE),  
              ('testuser2', 'testtest', 'https://picsum.photos/200/300', 'test user 2', FALSE),
              ('testadmin', 'admin', 'https://picsum.photos/200/300', 'test admin', TRUE);

INSERT INTO PROGRESSIONS(chord_1, chord_2, chord_3, chord_4)
        VALUES('c-major', 'a-minor', 'f-major', 'g-major'),
                ('c-major', 'a-minor', 'f-major', 'g-7'),
                ('d-major', 'b-minor', 'g-major', 'a-major'),
                ('d-major', 'b-minor', 'g-major', 'a-7'),
                ('e-minor', 'c-major', 'g-major', 'd-major'),
                ('a-minor', 'g-major', 'f-major', 'e-7');   

INSERT INTO USER_CHORDS(username, chord_fullname)
        VALUES('testuser', 'c-major'),
                ('testuser', 'e-minor'),
                ('testuser', 'a-minor');
